elapsed_sec,step,jet_velocity_mean,jet_velocity_max,enstrophy,enstrophy_drift,tau_im_min,rho_mean,wec_margin,div_u,speedup_vs_wrf,simulated_days,spot_l4_cost_usd,spot_tpu_cost_usd,ondemand_cost_usd,hpc_cluster_cost_usd,residual_norm
1.0,91,24.169065445569082,54.63939021787212,1.1391703543738438,0.0018222524654160218,0.9301118149571381,0.9554114104216453,1.0706590688579856,1.3392663677927574,1520.0,2.275,5.565982394748265e-05,0.00010018768310546875,0.00019480938381618922,0.0051485337151421446,0.0015490345956036184
2.0,178,23.430327223010778,52.15863854562273,1.1371905255554617,0.003557042229606253,0.9302153065653778,0.9553166393564013,1.0972639102141686,1.2345077478422781,1520.0,4.45,0.00011136767599317763,0.0002004618167877197,0.00038978686597612163,0.01030151002936893,0.003023605895165315
3.01,269,22.70958933830287,49.793993189412376,1.1351284177886969,0.005363927457877757,0.9303202377956145,0.9552205692336402,1.1107096394743539,1.1376541299838965,1520.0,6.725,0.00016714289453294544,0.00030085721015930177,0.000585000130865309,0.015460717744297452,0.004559458339196093
4.01,405,21.719750807276746,46.63439706339561,1.1320631645992623,0.008049801008313354,0.9304712171559436,0.9550823736077443,1.070296974767622,1.0129354892895317,1520.0,10.125,0.00022296823395623105,0.00040134282112121584,0.0007803888188468085,0.02062456164095137,0.006842450857066351
5.01,495,21.115614270785585,44.755123019723385,1.1300455485153096,0.00981770119140442,0.930567567433238,0.9549942024763556,1.098412660092873,0.9414636401681657,1520.0,12.375,0.0002785609033372667,0.00050140962600708,0.0009749631616804334,0.02576688355869717,0.008345166012693757
6.02,589,20.523074849104308,42.94753551787943,1.1279474424590963,0.011656129280090773,0.9306653888999691,0.9549047017522041,1.106982780289564,0.8746827932449519,1520.0,14.725,0.0003341720898946126,0.0006015097618103027,0.0011696023146311441,0.030910918315251668,0.009907829888077157
7.02,763,19.517752435444933,39.96012897722948,1.1240883103766022,0.015037625080742786,0.9308394604487191,0.9547454784330177,1.0785362610366163,0.7687607850198477,1520.0,19.075,0.0003900160392125448,0.0007020288705825806,0.0013650561372439067,0.03607648362716039,0.012782101318631367
8.02,935,18.624918040035517,37.389314513913014,1.1203046779885988,0.018352965617876096,0.9310033855885499,0.9545955847375269,1.0899091082329337,0.6823494272024817,1520.0,23.375,0.00044561809963650174,0.000802112579345703,0.0015596633487277559,0.04121967421637641,0.015600140775194681
9.02,1107,17.81729269381852,35.12934085005448,1.1165517197259294,0.021641428498637903,0.9311600105191655,0.9544524104853085,1.0897404465818301,0.6107161554152727,1520.0,27.675,0.0005011981195873684,0.0009021566152572631,0.0017541934185557892,0.046360826061831575,0.018395334223842215
10.03,1250,17.201923279508016,33.448481585698794,1.1134546760204032,0.02435515792297632,0.9312851605776018,0.9543380390649332,1.0892505225354254,0.560513321472234,1520.0,31.25,0.0005571037928263346,0.0010027868270874023,0.0019498632748921711,0.05153210083643595,0.02070200423452987
11.03,1349,16.802403067499895,32.37602890512232,1.1113227891654849,0.02622318583528149,0.9313693028210904,0.9542611590912828,1.0695576262612017,0.5296681143979178,1520.0,33.725,0.000612830506430732,0.0011030949115753174,0.002144906772507561,0.0566868218448427,0.022289827959989263
12.04,1434,16.475199339854,31.508645731240836,1.109500311921232,0.02782009908325763,0.9314400045643253,0.9541965691836471,1.0957409365605362,0.5054732415901326,1520.0,35.85,0.0006686253680123224,0.00120352566242218,0.0023401887880431277,0.06184784654113981,0.023647204220768984
13.04,1594,15.895513157604555,29.995968892777576,1.1060895210977293,0.030808743835505446,0.9315694427061315,0.9540783430936526,1.0775670777800537,0.46501076619086357,1520.0,39.85,0.0007242429786258275,0.0013036373615264892,0.0025348504251903954,0.06699247552288903,0.026187552260179627
14.04,1762,15.33272180318397,28.556493687013724,1.102535754249789,0.0339226687844127,0.9317005562837537,0.9539586166585187,1.103017460689057,0.428740669145649,1520.0,44.05,0.0007798397408591377,0.0014037115335464477,0.0027294390930069816,0.07213517602947023,0.02883438846675079
15.04,1934,14.799632074670239,27.21919121438453,1.0989263638470121,0.03708533288323131,0.9318300826779976,0.9538403691598161,1.071036644813272,0.39709362152715766,1520.0,48.35,0.0008356735044055515,0.0015042123079299927,0.0029248572654194302,0.07729979915751352,0.03152265295074661
16.04,2091,14.346926304503302,26.103388184589,1.0956571232826795,0.03994994674025882,0.9319444516279977,0.9537359836733122,1.111385813871669,0.3722098906928677,1520.0,52.275,0.0008913205729590523,0.001604377031326294,0.0031196220053566824,0.08244715299871233,0.033957574729219994
17.05,2180,14.103367683731484,25.510573159974655,1.093814535465603,0.04156448151973437,0.9320077440899013,0.9536782259722156,1.094587825627355,0.35953772093723346,1520.0,54.5,0.0009472383923000761,0.0017050291061401367,0.0033153343730502657,0.08761955128775703,0.03532992929177421
18.05,2318,13.742916567211115,24.642815337080982,1.0909726590768922,0.044054625124300244,0.9321037931354632,0.9535905895713594,1.0729033341527405,0.3416475785284674,1520.0,57.95,0.0010028109285566541,0.0018050596714019773,0.003509838249948289,0.09276001089149051,0.03744655135565521
19.06,2428,13.469552098898046,23.99229566352569,1.0887205259476584,0.04602801669427508,0.9321786151431347,0.9535223321929044,1.1255012371547022,0.3287458238180758,1520.0,60.7,0.0010588327248891194,0.0019058989048004148,0.0037059145371119177,0.09794202705224354,0.03912393419013382
20.07,2492,13.315842344279062,23.629378500357852,1.0874155239876102,0.04717150143473356,0.932221466914453,0.9534832445057766,1.095495140791693,0.3217250827399345,1160.8,62.3,0.0011148664421505399,0.0020067595958709714,0.003902032547526889,0.10312514589892492,0.04009589621952352
21.07,2565,13.145077931918289,23.228604038414428,1.085931771677483,0.048471612987966595,0.9322697523762445,0.9534392042740181,1.07019976136673,0.3141149031538686,1354.6,64.125,0.0011705792877409193,0.0021070427179336547,0.004097027507093218,0.10827858411603504,0.0412009910397716
22.09,2633,12.990207818126487,22.867321119436546,1.084554198159262,0.04967868726461159,0.93231417736723,0.9533986887078255,1.0728957003813284,0.3073903470819628,1232.2,65.825,0.0012270976305007936,0.0022087757349014284,0.004294841706752777,0.11350653082132339,0.04222700417491985
23.09,2726,12.7846634262483,22.391032019859797,1.0826772423677329,0.05132333637000394,0.9323740960623965,0.9533440483641409,1.115041095019142,0.298694242410124,1520.0,68.15,0.0012830440203348797,0.002309479236602783,0.004490654071172079,0.11868157188097636,0.04362495591450335
24.1,2787,12.653609240180732,22.08925811519118,1.0814505441845133,0.05239820881970351,0.9324128854116279,0.9533086793927172,1.1059125606334583,0.2932935135198811,1150.0,69.675,0.0013389097981982762,0.002410037636756897,0.004686184293693966,0.12384915633334054,0.04453859749674798
25.11,2866,12.488124915247637,21.710318901356608,1.0798670555162089,0.05378571258163506,0.9324625346535472,0.9532634119769771,1.0724703649715217,0.28662806755501924,1426.6,71.65,0.0013952706522411772,0.0025114871740341185,0.00488344728284412,0.12906253533230888,0.0457179756943898
26.13,2966,12.285216505286323,21.248899404846867,1.0778709966040172,0.05553472367665515,0.9325244599503497,0.953206957981926,1.0782121621930834,0.2786654391016008,1520.0,74.15,0.0014517302645577325,0.0026131144762039185,0.005081055925952063,0.13428504947159026,0.04720463512515687
27.13,3065,12.091205120810745,20.81101819574625,1.0759040503448734,0.057258225327602656,0.9325847840007444,0.9531519702082736,1.12823018494782,0.2712754858723201,1520.0,76.625,0.00150736141204834,0.0027132505416870116,0.0052757649421691895,0.13943093061447143,0.048669611528462255
28.13,3144,11.941050903489787,20.474336183019737,1.0743409668348853,0.05862784943274002,0.9326322426236267,0.9531087142574204,1.0840292332054244,0.2656966169936328,1460.5,78.6,0.0015630247195561728,0.0028134444952011106,0.005470586518446604,0.14457978655894596,0.04983379201782902
29.14,3265,11.71868083552424,19.97927065892283,1.0719580028231637,0.060715879234905776,0.9327038032210948,0.9530434981161212,1.0734291040618271,0.25764582011880655,1520.0,81.625,0.001618878761927287,0.0029139817714691164,0.005666075666745504,0.14974628547827404,0.05160861734966991
30.14,3333,11.597572058094256,19.711420038091674,1.0706246966970159,0.06188416499713823,0.932743437057334,0.9530073820097197,1.1021201488553078,0.2533737495850825,1254.5,83.325,0.001674492809507582,0.003014087057113647,0.005860724833276536,0.15489058487945132,0.052601660247567496
31.14,3463,11.373362366859164,19.2188442337226,1.0680874386850447,0.06410739217082598,0.9328180818970695,0.9529393697830314,1.0819292885776737,0.24564690245313603,1520.0,86.575,0.0017301070822609795,0.003114192748069763,0.006055374787913428,0.1600349051091406,0.054491403345202076
32.14,3546,11.23501158027664,18.917029030239608,1.066475498960878,0.06551982566407175,0.9328649895574824,0.9528966351146237,1.0679306431124145,0.2409961625749577,1520.0,88.65,0.0017857210901048451,0.0032142979621887207,0.006250023815366957,0.16517920083469817,0.055691971814460985
33.15,3630,11.098619817402787,18.62107886906815,1.0648504538300163,0.06694374253667783,0.9329118855229044,0.9528539149447004,1.092721441601976,0.2364956846421402,1520.0,90.75,0.0018416127628750273,0.0033149029731750486,0.006445644670062594,0.17034918056594,0.05690230115617615
34.15,3739,10.926836276828567,18.250578999308665,1.0627511884852865,0.06878318643129322,0.9329718979869571,0.9527992518245716,1.099970369029616,0.23095309035372802,1520.0,93.475,0.0018974658648173014,0.003415438556671142,0.006641130526860555,0.17551559249560036,0.058465828466599236
35.18,3851,10.756155510647112,17.884933299231793,1.0606051729437986,0.07066359435373604,0.9330326034101034,0.9527439639152957,1.0673349307416435,0.22557098548128152,1520.0,96.275,0.001954341557290819,0.003517814803123474,0.006840195450517866,0.18077659404940077,0.060064175200675626
36.18,3959,10.596887774414945,17.545960251908056,1.058546324129757,0.07246762398268816,0.9330902503558596,0.9526914674955672,1.100470654418493,0.22065651121341578,1520.0,98.975,0.0020099795526928375,0.003617963194847107,0.00703492843442493,0.18592310862408745,0.06159760038528494
37.18,4083,10.420133045156323,17.172278284248165,1.0561951234424143,0.07452782173720535,0.9331553954142451,0.9526321498751122,1.0849765842000054,0.21532443048320116,1520.0,102.075,0.0020656641721725467,0.0037181955099105835,0.007229824602603912,0.19107393592596053,0.06334876847662455
38.19,4195,10.265813449472216,16.848182866575428,1.054083021073293,0.07637851384596442,0.9332133099084192,0.9525794222437297,1.0701926005044045,0.2107663746413826,1520.0,104.875,0.0021214943991767037,0.0038186899185180664,0.007425230397118462,0.1962382319238451,0.06492185676906977
39.19,4352,10.057528603395966,16.413935031771384,1.0511406510090615,0.07895671324507196,0.9332930678496842,0.9525068170647301,1.1084374258505485,0.2047621185776214,1520.0,108.8,0.0021773434480031333,0.0039192182064056395,0.007620702068010966,0.20140426894028982,0.06711332625831117
40.2,4524,9.839453425148182,15.96318979848641,1.0479415489548605,0.08175986948095458,0.9333786121040473,0.9524289568351967,1.0734045857746783,0.19863912010982365,1520.0,113.1,0.0022330780691570706,0.004019540524482727,0.007815773242049746,0.20655972139702902,0.0694960090588114
41.2,4636,9.70279072308135,15.682756979120263,1.045872011858966,0.08357326452664529,0.9334333250675003,0.9523791651672642,1.1272691655448683,0.19489180190558342,1520.0,115.9,0.0022887541717953154,0.0041197575092315674,0.008010639601283603,0.21170976089106666,0.0710373948476485
42.21,4712,9.612337170286594,15.49800902761292,1.044473752347299,0.08479846453686835,0.9334700209769332,0.9523457728902727,1.0843813843039312,0.19243543045236455,1395.2,117.8,0.002344749477174547,0.004220549058914184,0.008206623170110913,0.21688932663864557,0.0720788148563381
43.21,4872,9.427661749326845,15.122950605698199,1.0415459877230369,0.08736386617915709,0.9335461712635282,0.9522764857013748,1.0852273367531626,0.18752578348358417,1520.0,121.8,0.002400566273265415,0.0043210192918777465,0.008401981956428951,0.22205238027705085,0.07425940625228353
44.21,5043,9.238460655388863,14.7416704560965,1.0384406581328105,0.09008485596248796,0.9336259583842389,0.9522039003009549,1.0778505501361066,0.18261050174869586,1520.0,126.075,0.002456238521469964,0.004421229338645935,0.008596834825144874,0.22720206323597167,0.07657224756811477
45.22,5241,9.029231658895707,14.323527308679733,1.034875340540971,0.0932089020451513,0.933716369812291,0.9521216629775846,1.1148032534395367,0.17730684556487142,1520.0,131.025,0.0025119610759947036,0.004521529936790466,0.008791863765981463,0.2323563995295101,0.0792276867383786
46.22,5505,8.765433223400429,13.801560174977269,1.0301716388112763,0.09733043696711817,0.9338337897051755,0.9520148802980926,1.0870381979199073,0.17080074867391315,1520.0,137.625,0.0025676056941350304,0.004621690249443054,0.008986619929472606,0.2375035267074903,0.08273099142205045
47.22,5764,8.522055467097402,13.325173377852545,1.0256118978352622,0.10132582884095308,0.933945704395758,0.9519131264624587,1.0691708393151154,0.16496799891744662,1520.0,144.1,0.0026234774589538575,0.004722259426116943,0.0091821711063385,0.2426716649532318,0.08612707451481012
48.22,6020,8.29517855273684,12.885557901317688,1.0211576402677032,0.10522879275557215,0.9340533151597361,0.9518153063734074,1.0685850009794833,0.15969181143066313,1520.0,150.5,0.00267912052737342,0.004822416949272155,0.009376921845806968,0.24781864878204132,0.08944459384223633
49.23,6298,8.062865421770613,12.439881879956811,1.016379060353921,0.10941593835362891,0.9341669815463286,0.9517120035187452,1.077877505057878,0.15442507164370634,1520.0,157.45,0.0027348519696129697,0.0049227335453033445,0.009571981893645392,0.25297380718919965,0.09300366760058458
50.23,6566,7.851582721006871,12.038483170637775,1.0118291766830827,0.11340269293924836,0.9342735897919479,0.9516151357220765,1.0989507902432785,0.14975006055240248,1520.0,164.15,0.002790462652842204,0.005022832775115967,0.009766619284947712,0.25811779538790386,0.09639240899836111
51.23,6843,7.6451671829294146,11.649950922958109,1.0071842437442893,0.11747273275418235,0.9343808861874067,0.9515176626232242,1.1212174883395518,0.14528670359157947,1520.0,171.075,0.0028460333877139625,0.005122860097885132,0.009961116856998867,0.26325808836354153,0.099851942841055
52.23,7091,7.469855546360146,11.322777049104225,1.0030747019799722,0.12107364558162341,0.9344745860555483,0.9514325576352826,1.0939077030425128,0.14157529284171066,1520.0,177.275,0.0029016531705856326,0.005222975707054138,0.010155786097049712,0.268402918279171,0.1029127187443799
53.23,7363,7.287087662841332,10.984441011795843,0.9986200422703548,0.12497696186606358,0.934574917853781,0.9513414459814553,1.0758060911434604,0.13777903678054448,1520.0,184.075,0.002957317431767782,0.005323171377182007,0.010350611011187234,0.2735518624385198,0.10623053758615404
54.23,7629,7.117253430222205,10.672569562871827,0.99431610184356,0.12874821306150264,0.934670693100007,0.9512544884796996,1.066108127007603,0.13431497789656233,1520.0,190.725,0.0030129510164260864,0.005423311829566955,0.010545328557491301,0.27869796901941296,0.10943610110227725
55.24,7889,6.959127894098952,10.384386204977504,0.9901586581629367,0.13239109909052635,0.9347621775015058,0.9511714416690833,1.0710972789298805,0.13113945217432255,1520.0,197.225,0.0030687019692526925,0.005523663544654846,0.010740456892384422,0.28385493215587404,0.1125325542269474
56.24,8157,6.803703635787034,10.103184218307119,0.9859236996954506,0.13610190607189426,0.9348543763181381,0.9510877610512585,1.0878851390138822,0.1280776229706293,1520.0,203.925,0.0031243559916814168,0.00562384078502655,0.010935245970884957,0.28900292923053106,0.11568674016111012
57.24,8415,6.660832962874931,9.846497687280408,0.9818944273921015,0.13963248421283536,0.934941212136427,0.9510089614544011,1.1198977856922094,0.12531161303867022,1520.0,210.375,0.0031799523565504287,0.0057239142417907715,0.0111298332479265,0.29414559298091464,0.11868773158091006
58.24,8666,6.527771889775818,9.60899116219279,0.9780187289932986,0.143028495953298,0.9350239613894767,0.9509338824206264,1.0956208953067856,0.12277365532220996,1520.0,216.65,0.0032356137302186755,0.0058241047143936155,0.011324648055765364,0.29929427004522746,0.1215743415603033
59.25,8931,6.393226353996933,9.37036321459669,0.9739735670204888,0.14657299713429234,0.9351095531247984,0.9508562368930198,1.0743585685737296,0.12026013826467874,1520.0,223.275,0.0032914249897003176,0.005924564981460571,0.011519987463951109,0.3044568115472793,0.12458716756414849
60.25,9163,6.280133761509839,9.170974686397868,0.9704710059405234,0.14964205394039562,0.9351830516802623,0.9507895719842547,1.0672910986873074,0.11815606864468542,1520.0,229.075,0.003347141649987963,0.0060248549699783325,0.01171499577495787,0.30961060262388657,0.12719586584933626
61.25,9418,6.160583054087603,8.961384869272006,0.9666625051458444,0.15297918497625893,0.9352623531264629,0.9507176542354598,1.085456887038169,0.11597389805251135,1520.0,235.45,0.0034028559790717228,0.006125140762329101,0.01190999592675103,0.31476417806413437,0.13003242722982009
62.25,9681,6.042188556722849,8.755024305907437,0.9627792212788558,0.15638184334820945,0.9353425780976229,0.9506449100563845,1.11357374888411,0.11383014326585839,1520.0,242.025,0.0034584437476264107,0.006225198745727539,0.012104553116692437,0.319906046655443,0.13292468684597802
63.25,9937,5.931445062212402,8.563084454293783,0.9590422882938956,0.15965626436460398,0.9354192019931845,0.9505754415880315,1.1033016565976879,0.11184358024233287,1520.0,248.425,0.0035140298604965214,0.006325253748893737,0.012299104511737822,0.32504776209592817,0.13570794470991338
64.25,10179,5.8306046117315,8.389222672073616,0.9555481888710201,0.16271790679428677,0.9354903562112982,0.9505109411388719,1.0714027478702577,0.11006096224801543,1520.0,254.475,0.0035696383052402077,0.006425348949432373,0.012493734068340725,0.33019154323471916,0.13831034077514373
65.25,10417,5.73487826579009,8.22498607863224,0.9521478325238636,0.16569740852235382,0.9355591651427038,0.9504485750160839,1.0673210547886236,0.10837615366456377,1520.0,260.425,0.0036252377033233643,0.006525427865982055,0.012688331961631773,0.3353344875574112,0.14084291724400072
66.26,10669,5.6370486717922095,8.0579555189354,0.9485858492569395,0.16881853296215593,0.9356308021284929,0.9503836543624931,1.0877453010998146,0.1066759556863055,1520.0,266.725,0.003680882917510139,0.006625589251518249,0.012883090211285484,0.3404816698696878,0.14349587301783254
67.26,10892,5.553349115846731,7.915704949376567,0.9454662948648784,0.17155198697491475,0.9356931840637732,0.9503271282987076,1.110491625020504,0.10523217426902487,1520.0,272.3,0.0037364865806367668,0.006725675845146179,0.013077703032228681,0.3456250087089009,0.14581930892867753
68.26,11133,5.465772879152533,7.7675136446837305,0.9421288300405428,0.17447638112548267,0.9357595691539325,0.950266982270104,1.0746944126194191,0.10372564973986642,1520.0,278.325,0.0037920921643575032,0.006825765895843505,0.01327232257525126,0.350768525203069,0.14830504395666025
69.26,11372,5.381734013731172,7.625932214993743,0.9388533975614245,0.17734642053763452,0.935824378189308,0.9502082715420247,1.0654998941268232,0.10230698715702191,1520.0,284.3,0.0038477448489930895,0.00692594072818756,0.01346710697147581,0.35591639853186074,0.15074457745698933
70.26,11606,5.302033580973628,7.492225727207599,0.9356791955345358,0.180127758567767,0.9358868738086156,0.9501516634384937,1.0902071559470854,0.10094996106009957,1520.0,290.15,0.0039034745428297257,0.007026254177093506,0.013662160899904038,0.3610713952117496,0.15310871478260193
71.26,11834,5.226717497572544,7.366381820487764,0.9326171226926163,0.18281084539529777,0.9359468836633974,0.9500973132915749,1.109952756663202,0.09969915051348477,1520.0,295.85,0.0039590382840898304,0.007126268911361694,0.013856633994314405,0.3662110412783093,0.1553893385860031
72.26,12081,5.147610946563337,7.234736447140084,0.9293336841156944,0.18568790000815377,0.9360109405650062,0.950039304669861,1.0763289171733472,0.09838250610408761,1520.0,302.025,0.004014611230956183,0.00722630021572113,0.01405113930834664,0.37135153886344696,0.15783483500693068
73.26,12339,5.06761155412207,7.1021607104782145,0.9259410739845862,0.1886606142522792,0.9360768239317614,0.9499796494516761,1.0646046202749369,0.09705369725381541,1520.0,308.475,0.004070268432299296,0.007326483178138733,0.014245939513047536,0.3764998299876849,0.16036164211443732
74.27,12597,4.990169658560065,6.974356572300262,0.922585812965015,0.19160060200217738,0.9361416920031583,0.9499209208930035,1.0709262173987126,0.09579365139731666,1520.0,314.925,0.004125846558147007,0.007426523804664612,0.014440462953514522,0.3816408066285981,0.16286063170185075
75.27,12839,4.919745015312945,6.858589680377258,0.9194721203197388,0.1943289197636461,0.93620164311612,0.9498666503989487,1.1028577903051833,0.09463696685133449,1520.0,320.975,0.0041814432806438874,0.007526597905158997,0.014635051482253605,0.3867835034595596,0.1651797017990992
76.27,13036,4.863930859316331,6.767149638390596,0.916961060641316,0.19652919111385228,0.9362498252318993,0.9498230382494318,1.080855515169537,0.09373172379455275,1520.0,325.9,0.004237030532624987,0.007626654958724975,0.014829606864187451,0.39192532426781124,0.16704993244677444
77.27,13235,4.808877032485226,6.677223904464132,0.9144458054618233,0.19873313869719747,0.9362979449890292,0.9497794865539293,1.0683791224959003,0.09285212210115179,1520.0,330.875,0.00429283266597324,0.007727098798751831,0.015024914330906337,0.3970870216025247,0.16892328789261785
78.27,13448,4.751373848553232,6.5835827757877725,0.9117770581862006,0.20107158099785263,0.9363488506049349,0.9497334178257486,1.1144230712357404,0.09192613747480605,1520.0,336.2,0.004348532319068909,0.007827358174324036,0.01521986311674118,0.4022392395138741,0.17091096384817472
79.27,13695,4.686463457308117,6.4782304779190305,0.9087123337187372,0.2037569912650714,0.936407125708555,0.9496806853388988,1.0956257181640616,0.09087726429843623,1520.0,342.375,0.004404107610384623,0.00792739369869232,0.01541437663634618,0.40737995396057763,0.17319356257531068
80.28,13910,4.63145049755493,6.389234248257305,0.9060705889171905,0.20607177312842007,0.9364572069058578,0.9496353721195662,1.0642502714568942,0.09001565712996162,1520.0,347.75,0.004459783011012608,0.008027609419822692,0.015609240538544124,0.41252992851866616,0.17516112715915705
81.28,14145,4.572840820812548,6.29471499364404,0.9032103657171632,0.20857799279985692,0.9365112791267358,0.9495864527122924,1.0781320271562533,0.08908968811723739,1520.0,353.625,0.0045154621203740445,0.00812783181667328,0.015804117421309154,0.4176802461345991,0.17729141387987837
82.28,14380,4.515757908676488,6.202951600288012,0.9003782740195714,0.21105956274298227,0.9365646717522731,0.9495381530996734,1.1209227419893373,0.08817980730616681,1520.0,359.5,0.00457109726799859,0.00822797508239746,0.015998840437995064,0.42282649728986954,0.1794007483315349
83.28,14594,4.465053451390871,6.121685403301591,0.8978234393155923,0.21329819118020382,0.9366127167605581,0.9494946952195132,1.075653794079413,0.08738995491543189,1520.0,364.85,0.0046267481115129265,0.008328146600723266,0.01619361839029524,0.42797420031494565,0.18130358250317324
84.28,14814,4.4141498862577855,6.040331042115769,0.8952207130345073,0.21557878375946773,0.936661549990639,0.9494505284630199,1.066458419238422,0.08660270416049076,1520.0,370.35,0.004682358635796441,0.008428245544433593,0.016388255225287543,0.4331181738111708,0.18324208619554755
85.29,15058,4.359089328663892,5.95259402318741,0.8923618641381804,0.21808379922174764,0.9367150639084914,0.9494021330361765,1.0913386521874497,0.08574353851077132,1520.0,376.45,0.004738056394788954,0.008528501510620116,0.01658319738176134,0.4382702165179782,0.18537134933848548
86.29,15259,4.314795602585349,5.882210887431949,0.8900285419807586,0.22012833123263198,0.9367586482832856,0.9493627210701515,1.091627036947581,0.08504657592153142,1520.0,381.475,0.004793731782171462,0.00862871720790863,0.016778061237600114,0.4434201898508602,0.18710920154773716
87.29,15473,4.2686561096494575,5.809082283878481,0.8875656160007124,0.22228642628634177,0.936804567674821,0.9493212011738885,1.063680593539468,0.08434375975133157,1520.0,386.825,0.0048492910861969,0.00872872395515442,0.016972518801689148,0.4485594254732132,0.18894358234339048
88.29,15683,4.2243671360907555,5.73906694567077,0.8851698524476129,0.22438567145882757,0.9368491540976472,0.9492808900221279,1.0929653870575902,0.08366951626076757,1520.0,392.075,0.004905029283629524,0.008829052710533141,0.01716760249270333,0.45371520873573096,0.19072794074000343
89.29,15886,4.182454540420738,5.6729713229460055,0.8828736193560582,0.2263977048358744,0.9368918169336118,0.9492423212251676,1.090809970214411,0.08302635448952411,1520.0,397.15,0.004960672020912171,0.008929209637641907,0.017362352073192595,0.4588621619343758,0.19243816911049322
90.3,16076,4.144002792597332,5.612473051686963,0.8807417690149054,0.2282657007536425,0.9369313660591982,0.9492065701470231,1.06540571098812,0.08243190467105732,1520.0,401.9,0.0050165140761269465,0.009029725337028503,0.01755779926644431,0.4640275520417425,0.1940259656405961
91.3,16256,4.108247445723647,5.556337288864083,0.8787374245848683,0.23002197188620516,0.9369684998075927,0.9491730049477647,1.124102757413708,0.08188206498492545,1520.0,406.4,0.005072370780838861,0.00913026740550995,0.01775329773293601,0.4691942972275946,0.19551879610327438
92.3,16416,4.076999626983074,5.507373262728048,0.8769681677902327,0.23157225166244663,0.937001239683615,0.9491434133457164,1.0634949306652297,0.08141699772639066,1520.0,410.4,0.005128047611978319,0.009230485701560974,0.017948166641924116,0.4743444041079945,0.19683653391307962
93.31,16612,4.039388528202744,5.448555868124832,0.8748165602395759,0.23345755948339456,0.9370410084528525,0.9491074712402678,1.1002750315235477,0.08085331408164076,1520.0,415.3,0.005183777544233534,0.009330799579620361,0.018143221404817368,0.47949942284160185,0.19843904556088535
94.31,16831,3.998208594897944,5.3843050438263065,0.8724327511969372,0.23554632972886108,0.9370850124664355,0.9490677046003216,1.09194731830475,0.08023120185303745,1520.0,420.775,0.005239491926299201,0.00943108546733856,0.018338221742047203,0.48465300318267607,0.20021450026953191
95.31,17072,3.9538892494070343,5.31532871727758,0.869833927050395,0.23782350313218395,0.9371329217160167,0.9490244125810186,1.065817112162458,0.07955583432166757,1520.0,426.8,0.005295081363783943,0.009531146454811096,0.0185327847732438,0.4897950261500147,0.20215009766235634
96.31,17281,3.9162734499777487,5.256926241802562,0.867600676124916,0.23978034950719293,0.9371740417244879,0.94898725865291,1.07970442374892,0.07898906593306676,1520.0,432.025,0.005350803971290588,0.009631447148323058,0.018727813899517057,0.4949493673443794,0.20381341708111397
97.32,17498,3.8779969968955212,5.197631010863104,0.8653018552381646,0.24179465039372205,0.9372163239779535,0.9489490576233205,1.1144116354123978,0.07842711454766615,1520.0,437.45,0.005406418323516846,0.009731552982330322,0.01892246413230896,0.5000936949253082,0.20552557283466374
98.32,17686,3.8454589670029824,5.147331025638988,0.8633264738608042,0.24352554316687466,0.9372526229610669,0.9489162648003473,1.063950856031641,0.07794564572816154,1520.0,442.15,0.005462139460775587,0.009831851029396056,0.019117488112714555,0.5052479001217418,0.20699683169184346
99.32,17892,3.810450842445466,5.093321218854512,0.8611790680091087,0.24540716932389153,0.9372920494501805,0.948880649136804,1.087443110814521,0.07742372556138588,1520.0,447.3,0.005517945581012302,0.009932302045822143,0.019312809533543057,0.5104099662436379,0.20859621392530778
100.32,18115,3.773292507741867,5.03611756292817,0.858874394272005,0.24742659866637015,0.9373343271872776,0.9488424607969823,1.1072772936132051,0.07686528341424692,1520.0,452.875,0.005573533574740093,0.010032360434532166,0.019507367511590323,0.5155518556634585,0.2103127288664146
101.33,18332,3.7378494793462194,4.981673241982893,0.8566514091378938,0.24937444982440837,0.9373750736180986,0.9488056585630609,1.066151455684563,0.07633595301722723,1520.0,458.3,0.005629247029622396,0.010132644653320312,0.019702364603678385,0.5207053502400716,0.2119684023507471
102.33,18543,3.704043220553782,4.9298513764636205,0.8545082888206175,0.25125232085816646,0.937414328195991,0.9487702064815144,1.0773490997355293,0.07584788777461904,1520.0,463.575,0.005685040063328213,0.010233072113990783,0.019897640221648746,0.5258662058578597,0.21356459272944148
103.33,18705,3.6785154860630875,4.890789853701287,0.852875043307735,0.252683423169564,0.9374442266730568,0.9487432059810167,1.086048529415033,0.0754766736416802,1520.0,467.625,0.005740649686919319,0.010333169436454773,0.020092273904217615,0.5310100960400369,0.21478102969412938
104.33,18885,3.650576385908623,4.8481078373810575,0.8510726170001849,0.2542627671411304,0.9374772065562369,0.948713424534852,1.0683781547303868,0.07506774084360701,1520.0,472.125,0.005796274317635431,0.010433293771743775,0.020286960111724005,0.5361553743812772,0.21612347206996083
105.33,19085,3.620045111903317,4.80154873882068,0.8490849500918183,0.2560044248921635,0.9375135584567693,0.9486806002677098,1.1246040576688934,0.07461766942766823,1520.0,477.125,0.005851925902896457,0.010533466625213622,0.0204817406601376,0.5413031460179223,0.21760388115833898
106.34,19302,3.587512547412025,4.752033225023526,0.846946037482397,0.25787860899680426,0.9375526580925062,0.9486452974525423,1.0732659543894405,0.07413438711802578,1520.0,482.55,0.005907521194881863,0.010633538150787353,0.02067632418208652,0.5464457105265723,0.2191969376472836
107.34,19564,3.549033019939621,4.693593688577935,0.8443878343601433,0.2601201889505863,0.9375994005637619,0.9486030974283491,1.0631075755896753,0.07357393470460866,1520.0,489.1,0.005963250173462762,0.010733850312232972,0.020871375607119665,0.5516006410453055,0.22110228060799836
108.34,19845,3.50870337117044,4.632492898634472,0.8416732177956828,0.26249882339918257,0.9376489790338386,0.9485583411248332,1.0648380448860038,0.07299838092339977,1520.0,496.125,0.006018838259908888,0.010833908867835999,0.021065933909681107,0.5567425390415721,0.22312411988930517
109.34,20090,3.4743082831015295,4.580503585430748,0.8393306227492983,0.2645514806139774,0.937691748402742,0.9485197350507545,1.0876120183486604,0.07250260077505571,1520.0,502.25,0.006074585914611817,0.010934254646301269,0.021261050701141357,0.5618991971015931,0.22486887852188076
110.35,20310,3.4440133369098547,4.534803795482268,0.8372460591237301,0.26637804238884544,0.9377297979097938,0.9484853920434244,1.1044246766411663,0.07206212493624409,1520.0,507.75,0.006130345808135139,0.01103462245464325,0.021456210328472985,0.5670569872525003,0.2264214560305186
111.35,20558,3.410512766820304,4.484368902932394,0.8349174637547164,0.26841843263551673,0.9377722944323662,0.9484470381650789,1.072835430961495,0.07157085459395829,1520.0,513.95,0.006185982439253066,0.011134768390655518,0.021650938537385728,0.5722033756309085,0.22815578774018921
112.35,20810,3.377156794266014,4.434256862451317,0.8325741161379132,0.2704717492767463,0.9378150552029431,0.9484084489390554,1.062740498202477,0.07109136737640875,1520.0,520.25,0.006241542511516148,0.011234776520729064,0.021845398790306513,0.5773426823152437,0.22990110688523432
113.35,21057,3.3451123506219744,4.386214230292643,0.8302992795555177,0.2724650343434674,0.9378565637619817,0.948370992777797,1.0766477578067006,0.07064158899682527,1520.0,526.425,0.00629727488093906,0.011335094785690307,0.022040462083286704,0.5824979264868629,0.2315953991919473
114.35,21267,3.318359560086239,4.346179605142284,0.8283821372274673,0.2741448961862279,0.9378915459310915,0.9483394281528377,1.1131822626886603,0.07026284010959122,1520.0,531.675,0.0063529131677415645,0.011435243701934815,0.022235196087095472,0.5876444680160947,0.2330232817582937
115.35,21525,3.2860926125964225,4.297983615539053,0.8260478232090042,0.2761902972976962,0.9379341431385187,0.9483009952783955,1.0821178063412027,0.06980205171869808,1520.0,538.125,0.006408485253651937,0.011535273456573486,0.022429698387781777,0.5927848859628042,0.23476187270304175
116.36,21794,3.253134850144832,4.2488580215826,0.82363835871111,0.2783015476792025,0.937978117847734,0.9482613228460708,1.0668176477913125,0.06932686032600222,1520.0,544.85,0.006464294407102797,0.011635729932785034,0.022625030424859787,0.5979472326570087,0.2365564355273221
117.36,22038,3.223826675976117,4.2052593567552545,0.8214740532897133,0.2801979817833836,0.9380176260217077,0.9482256828043079,1.0654397399655928,0.06890039086362076,1520.0,550.95,0.00651999874909719,0.01173599774837494,0.02281999562184016,0.60309988429149,0.23816840451587606
118.36,22301,3.1928425121056234,4.159256751440053,0.8191635252583378,0.2822225408470205,0.9380598141678431,0.9481876281461059,1.081648249499144,0.0684734027040475,1520.0,557.525,0.006575655115975274,0.011836179208755493,0.023014792905913455,0.6082480982277128,0.2398892797199674
119.36,22562,3.1626975331812464,4.114588331078701,0.8168931422274832,0.28421192356847025,0.9381012826690036,0.9481502256102236,1.1106074773339771,0.0680546917229185,1520.0,564.05,0.006631318211555482,0.011936372780799866,0.023209613740444182,0.613396934568882,0.2415802550331997
120.36,22822,3.133248178746104,4.0710349034721025,0.8146535104750003,0.28617436102957244,0.9381422049619352,0.9481133186291986,1.1032711408016649,0.06764170337381648,1520.0,570.55,0.006686897171868218,0.012036414909362792,0.023404140101538764,0.6185379883978102,0.24324832687513656
121.37,23088,3.103700826062889,4.027420391915697,0.8123846593376934,0.28816240145656646,0.9381836792917885,0.9480759167184114,1.0785419811850046,0.06722337830014896,1520.0,577.2,0.006742512120140923,0.012136521816253661,0.023598792420493227,0.6236823711130354,0.2449381612380815
122.37,23355,3.074616615640669,3.9845717290874374,0.8101298109395201,0.290138172232622,0.9382249182030842,0.9480387300453968,1.0647397865562196,0.06680768571222612,1520.0,583.875,0.006798153652085199,0.012236676573753356,0.02379353778229819,0.6288292128178808,0.2466175663977287
123.37,23618,3.046514181869589,3.943247133753717,0.8079305058879351,0.2920652741398158,0.938265163350348,0.9480024423083157,1.0638565110053508,0.06641382356034153,1520.0,590.45,0.006853939731915793,0.012337091517448426,0.023988789061705273,0.6339894252022108,0.24825560301884342
124.37,23874,3.0196653927365773,3.9038374699546075,0.8058101966569957,0.29392315736517344,0.9383039857038744,0.9479674400988117,1.080447900477759,0.06604888419296145,1520.0,596.85,0.0069096915721893306,0.012437444829940794,0.024183920502662656,0.639146470427513,0.2498348037603974
125.37,24118,2.994526746372549,3.8670014445829577,0.8038078129166716,0.29567771047827235,0.9383406712054545,0.9479343668565615,1.1198128736018762,0.0657040466271987,1520.0,602.95,0.006965264346864489,0.01253747582435608,0.02437842521402571,0.6442869520849652,0.2513261739065315
126.38,24380,2.968011056245562,3.828214232089654,0.8016775867412864,0.2975442832496942,0.9383797246326494,0.9478991613920534,1.0957263616306627,0.06533698478394412,1520.0,609.5,0.007020897653367785,0.012637615776062011,0.024573141786787243,0.6494330329365201,0.25291276076224
127.38,24664,2.9398117865505506,3.787039484703584,0.7993914126736078,0.2995475025861048,0.9384216688110486,0.9478613529260563,1.0805053534519498,0.06494281287544668,1520.0,616.6,0.0070764571163389415,0.012737622809410093,0.024767599907186293,0.6545722832613521,0.25461549719818904
128.38,24957,2.911293527946425,3.74547799929066,0.7970574196069475,0.3015926224692682,0.9384645267427592,0.9478227239285871,1.0724373787863026,0.0645401419424581,1520.0,623.925,0.007132178518507216,0.012837921333312987,0.02496262481477525,0.6597265129619174,0.256353849098878
129.38,25257,2.882680379001246,3.7038582898862136,0.7946931878857493,0.3036642384352689,0.9385079801014123,0.9477835614817528,1.068060479283503,0.064149615483238,1520.0,631.425,0.007187810911072626,0.012938059639930726,0.025157338188754187,0.6648725092742179,0.25811472266997854
130.38,25549,2.8553828945236175,3.664227236854962,0.7924164203135764,0.3056592154974138,0.9385498666277039,0.9477458142196342,1.0637123411617608,0.06378366724278922,1520.0,638.725,0.0072434556484222415,0.013038220167160034,0.02535209476947784,0.6700196474790573,0.2598104531728017
131.38,25825,2.830067670070502,3.627539621886087,0.7902862171735645,0.30752576808449983,0.9385890950679256,0.9477104651044777,1.0626753908918314,0.06344082101459025,1520.0,645.625,0.007299015376302931,0.013138227677345274,0.025546553817060256,0.6751589223080211,0.2613970228718248
132.38,26055,2.809323171073097,3.5975231744566014,0.788527014277782,0.30906723831081523,0.9386215207444277,0.9476812480205379,1.0887626104596644,0.06315735379404075,1520.0,651.375,0.007354596654574077,0.013238273978233336,0.025741088291009264,0.6803001905481021,0.2627072725641929
133.39,26290,2.788449645565862,3.567362967253734,0.7867443662619943,0.31062925190624807,0.938654406822959,0.9476516179383339,1.1102189646791798,0.06286980298990036,1520.0,657.25,0.007410279817051358,0.013338503670692442,0.02593597935967975,0.6854508830772506,0.26403498412031084
134.39,26549,2.7658123235711845,3.5347030246280813,0.7847967694445304,0.312335798953314,0.9386903696919037,0.9476192178214435,1.0802663589456027,0.06255529374162078,1520.0,663.725,0.007465864923265245,0.01343855686187744,0.026130527231428356,0.6905925054020351,0.26548554911031685
135.39,26823,2.7422734545331755,3.5007963174629673,0.782755645652836,0.31412429734691255,0.9387280990165847,0.9475852286362929,1.066654372205984,0.062232449095124986,1520.0,670.575,0.007521615121099685,0.01353890721797943,0.02632565292384889,0.6957493987017208,0.26700577274487564
136.39,27061,2.7221604423763304,3.4718680679085727,0.7809985607203139,0.31566391174561753,0.9387606115922158,0.9475559410216632,1.0653920081406651,0.061969011781065064,1520.0,676.525,0.007577285514937507,0.013639113926887513,0.026520499302281272,0.7008989101317193,0.2683144449837749
137.39,27340,2.698966954352904,3.438559271679906,0.778957303195266,0.3174525273206869,0.9387984228995658,0.9475218825471883,1.0758120843646652,0.06166242737438832,1520.0,683.5,0.007632987101872763,0.013739376783370972,0.026715454856554667,0.7060513069232305,0.26983476822258384
138.4,27635,2.6748829695125367,3.404028476922653,0.7768204176950044,0.3193249352070059,0.9388380538928105,0.9474861876299664,1.0839847456568295,0.06134085699387837,1520.0,690.875,0.007688729405403137,0.013839712929725646,0.02691055291891098,0.7112074699997902,0.271426314925955
139.4,27902,2.653464171348227,3.373367721685503,0.7749050720492766,0.3210032227388594,0.938873619679041,0.9474541564681277,1.110302575216308,0.0610520838453944,1520.0,697.55,0.007744354049364726,0.013939837288856505,0.027105239172776536,0.7163527495662371,0.2728528593280305
140.4,28189,2.6308321920238416,3.341020329030613,0.7728657958463019,0.3227901022157266,0.9389115334611526,0.9474200130532017,1.1189249919263942,0.060744064182280566,1520.0,704.725,0.007799916254149543,0.014039849257469176,0.0272997068895234,0.7214922535088327,0.2743717068833676
141.4,28488,2.607673701901661,3.307973728051946,0.7707624700871105,0.32463310397624484,0.9389506901872957,0.9473847528913405,1.1092393489951862,0.06042576436786623,1520.0,712.2,0.007855616357591418,0.014140109443664551,0.027494657251569958,0.7266445130772061,0.2759382583798081
142.4,28754,2.5874218397743625,3.279119119577943,0.7689092142852247,0.32625698638753575,0.938985236705249,0.9473536463528751,1.0826275447353781,0.060293937468783414,1520.0,718.85,0.007911212020450168,0.014240181636810303,0.02768924207157559,0.7317871118916406,0.2773185584294054
143.4,29031,2.566674487549935,3.2496015057272993,0.7669970038062772,0.32793252678529916,0.9390209279058841,0.9473215112661103,1.068698834503142,0.06028386920011677,1520.0,725.775,0.007966812862290276,0.014340263152122496,0.027883845018015965,0.7369301897618505,0.2787427677675043
144.41,29338,2.5440773707593385,3.217501779975664,0.7648984642567286,0.32977133471480513,0.9390601518341716,0.9472861979596561,1.0667499987572564,0.060272714433022956,1520.0,733.45,0.008022538993093704,0.014440570187568665,0.028078886475827958,0.7420848568611675,0.2803057545075843
145.41,29638,2.5223883528893527,3.1867407627406488,0.7628685478666413,0.3315500128222201,0.9390981493061034,0.9472519913506177,1.0638740726650766,0.06026181799641406,1520.0,740.95,0.008078230553203159,0.014540814995765684,0.02827380693621105,0.7472363261712922,0.28181763089888706
146.41,29906,2.5033327495809683,3.159754136006333,0.7610722594710277,0.33312397855769743,0.9391318208283218,0.9472216811789812,1.0624839923022682,0.06025208717771596,1520.0,747.65,0.00813379853301578,0.014640837359428404,0.02846829486555523,0.7523763643039597,0.2831555017740428
147.41,30180,2.484154944915971,3.1326318137385556,0.7592521996426432,0.3347187735880453,0.9391659842923792,0.9471909301637611,1.0710654756894125,0.06024214175323602,1520.0,754.5,0.00818936604923672,0.014740858888626097,0.02866278117232852,0.7575163595543967,0.2845110775498385
148.41,30429,2.4669877489469636,3.108384868042238,0.7576124269512181,0.3361555952234671,0.9391968044718105,0.9471631902047553,1.1016610750393299,0.06023310660514106,1520.0,760.725,0.008245061834653218,0.014841111302375792,0.02885771642128626,0.7626682197054226,0.28573237593994705
149.41,30718,2.4473668756711286,3.080709284551161,0.755725981281685,0.33780855966555523,0.9392323098045127,0.9471312353551281,1.1172299428390111,0.06022262342526341,1520.0,767.95,0.008300737645890979,0.01494132776260376,0.02905258176061842,0.7678182322449154,0.28713739571572194
150.41,30995,2.4288602185341004,3.0546415039090986,0.7539345132347657,0.33937830165628413,0.9392660768802711,0.947100846946047,1.1050897010700453,0.06021257895748849,1520.0,774.875,0.008356377575132582,0.015041479635238646,0.029247321512964032,0.7729649256997638,0.2884716764078415
151.41,31288,2.4095958708126988,3.0275438607266176,0.7520570389452353,0.3410234050863216,0.9393015177035288,0.9470689543654663,1.0928848179376156,0.060201957949714786,1520.0,782.2,0.008411935011545817,0.01514148302078247,0.029441772540410357,0.778103988567988,0.28987001432337334
152.42,31580,2.3907079525211596,3.0010128229967488,0.7502035786476512,0.34264746668332857,0.939336559076565,0.9470374233617168,1.0816305098322125,0.060191376918218235,1520.0,789.5,0.008467589113447402,0.015241660404205323,0.029636561897065903,0.7832519929938847,0.29125046668082927
153.42,31840,2.3741448247938908,2.977777621453715,0.7485678152619528,0.3440807752359668,0.9393675299484976,0.9470095568385455,1.0640912632040145,0.06018195858167269,1520.0,796.0,0.008523319429821439,0.015341974973678589,0.029831618004375032,0.788407047258483,0.2924687789505718
154.42,32110,2.357193012947965,2.9540265448433987,0.7468834683239981,0.3455566542615569,0.9393994657735546,0.9469808238067274,1.0617352997260934,0.06017218112056662,1520.0,802.75,0.008578968776596916,0.015442143797874449,0.030026390718089206,0.7935546118352148,0.29372327612232335
155.42,32393,2.339690559698133,2.9295352171883002,0.7451334771259557,0.3470900529016817,0.9394326954704064,0.9469509285203854,1.0667160288010287,0.06016193630235703,1520.0,809.825,0.008634604983859593,0.015542288970947265,0.030221117443508572,0.7987009610070123,0.29502666496642943
156.42,32698,2.32112470603518,2.9035906388472474,0.7432648936009074,0.3487273659575838,0.9394682333354817,0.9469189587728127,1.0692542455617082,0.060150898972332244,1520.0,817.45,0.008690249986118741,0.015642449975013732,0.03041587495141559,0.8038481237159835,0.2964183810639462
157.42,32988,2.303751116082169,2.879344666940157,0.7415047443176858,0.3502696654390485,0.9395017629260132,0.9468887976479576,1.0778635903985951,0.0601404082171279,1520.0,824.7,0.008745811210738289,0.01574246017932892,0.03061033923758401,0.8089875369932917,0.29772933562319126
158.43,33290,2.2859409538907034,2.8545221131627083,0.7396886328578014,0.35186100078177307,0.9395364142977104,0.9468576294642269,1.0832507922947443,0.06012948725059495,1520.0,832.25,0.008801492518848843,0.015842686533927917,0.030805223815970947,0.8141380579935179,0.2990819706645071
159.43,33581,2.2690456320876677,2.8310052484172465,0.7379547102138835,0.3533803196373419,0.9395695510898255,0.9468278255386393,1.0953682567962106,0.06011896781918698,1520.0,839.525,0.00885704833931393,0.015942687010765073,0.030999669187598753,0.8192769713865385,0.3003733916917406
160.43,33804,2.2562713236185057,2.813244337030825,0.7366364706213628,0.35453540361764474,0.9395947792745303,0.9468051360424317,1.0941211279466392,0.06011090902739636,1520.0,845.1,0.008912638942400615,0.016042750096321105,0.03119423629840215,0.8244191021720569,0.301355213074998
161.43,34054,2.2421252196044814,2.7935961150786417,0.7351693200141383,0.35582096822419423,0.9396228937084823,0.946779852022837,1.067136351705498,0.06010187707580435,1520.0,851.35,0.0089682637585534,0.01614287476539612,0.031388923154936896,0.8295643976661894,0.3024479429905651
162.43,34269,2.230104765820661,2.776916844679724,0.733916507721875,0.3569187226971522,0.9396469315249865,0.9467582352824779,1.0690206040264458,0.06009411176796289,1520.0,856.725,0.0090239886575275,0.0162431795835495,0.03158396030134625,0.8347189508212938,0.30338103429257934
163.43,34527,2.215854140015556,2.757162755886415,0.7324239077380071,0.3582265868670254,0.9396756074015268,0.9467324489203623,1.0932830557375812,0.060084796046846134,1520.0,863.175,0.009079622639550103,0.016343320751190184,0.03177867923842536,0.8398650941583845,0.3044927188369716
164.43,34781,2.2020063332666844,2.7379875725337577,0.7309657890504602,0.3595042374147117,0.9397036602802487,0.9467072241435135,1.114710565262745,0.06007562757648867,1520.0,869.525,0.00913518484433492,0.016443332719802858,0.03197314695517222,0.8450045981009802,0.30557872180250495
165.44,35055,2.1872664242717152,2.71759935246637,0.7294053046549687,0.3608715840920318,0.9397337261975528,0.9466801907661809,1.0908795257541162,0.060065740316045106,1520.0,876.375,0.009190868576367696,0.016543563437461852,0.03216804001728693,0.8501553433140119,0.306740966478227
166.44,35317,2.1733606733858046,2.6983860260216197,0.7279250824419683,0.3621686024604877,0.9397622877581777,0.9466545114460859,1.0688253486708321,0.06005628911764637,1520.0,882.925,0.009246598389413621,0.016643877100944518,0.032363094362947674,0.8553103510207599,0.3078434320914145
167.44,35599,2.1585952205148375,2.6780073191718503,0.7263447065525267,0.36355337870534343,0.9397928274347552,0.9466270551743675,1.0621718027229532,0.06004611977663382,1520.0,889.975,0.009302259021335179,0.01674406623840332,0.03255790657467312,0.860458959473504,0.3090204918995419
168.44,35857,2.145266004705915,2.6596307513364366,0.7249103332917337,0.36481022274546876,0.9398205868238375,0.9466020998676965,1.064469236269123,0.06003681892775696,1520.0,896.425,0.009357873651716446,0.0168441725730896,0.03275255778100755,0.8656033127837711,0.3100888093336484
169.44,36139,2.1308891714407663,2.6398310746456333,0.7233549273826505,0.3661731194894628,0.9398507331247461,0.9465750002554549,1.073857578449847,0.06002665617890032,1520.0,903.475,0.009413602895206876,0.016944485211372377,0.03294761013322406,0.870758267806636,0.31124727156604337
170.45,36423,2.1166092565295953,2.6201867031983745,0.7218013941679775,0.367534375318311,0.9398808897728874,0.9465478928991412,1.0871701838665557,0.060016424830511915,1520.0,910.575,0.009469298137558832,0.017044736647605894,0.033142543481455906,0.8759100777241918,0.31240433902056436
171.45,36730,2.1013925679849645,2.599277637922733,0.720136396771632,0.3689932996524582,0.9399132622676385,0.946518795485158,1.090919668449634,0.06000536880921793,1520.0,918.25,0.009525021447075739,0.01714503860473633,0.033337575064765076,0.8810644838545058,0.3136444247045895
172.45,37034,2.086544611846808,2.5788991545992626,0.7185021384450471,0.370425289423836,0.9399450899447622,0.9464901895200031,1.096539032596878,0.05999442484038077,1520.0,925.85,0.009580603811475966,0.017245086860656737,0.03353211334016588,0.8862058525615268,0.3148616160102606
173.45,37339,2.071863002435176,2.5587722500140653,0.7168767495132402,0.3718495075459012,0.9399767971648829,0.9464616935435697,1.1017956711485548,0.05998344888262361,1520.0,933.475,0.009636214017868043,0.017345185232162476,0.03372674906253814,0.8913497966527939,0.316072201414016
174.45,37632,2.0579576466827714,2.5397308873531603,0.7153285436218217,0.3732060954025658,0.9400070475184639,0.9464345084897146,1.1148742301232026,0.059972908547351746,1520.0,940.8,0.00969190698199802,0.017445432567596435,0.033921674436993066,0.8965013958348168,0.3172253010921809
175.46,37901,2.0453591422451325,2.5224970637738204,0.7139184044417909,0.3744417047607527,0.9400346418306474,0.946409711704224,1.1010647122225405,0.05996323484532776,1520.0,947.525,0.009747578395737543,0.017545641112327575,0.0341165243850814,0.9016510016057226,0.3182755690466398
176.46,38176,2.0326424490515542,2.5051189501301017,0.7124877892760519,0.3756952558369752,0.9400626775868633,0.9463845195635401,1.0803240947552806,0.05995334859841524,1520.0,954.4,0.009803272843360902,0.017645891118049623,0.03431145495176315,0.9068027380108833,0.3193410874614289
177.46,38445,2.0203594466227495,2.4883501124276313,0.7110989781753019,0.3769121768452995,0.9400899335460213,0.9463600294163932,1.0649185815761528,0.05994368120494194,1520.0,961.125,0.009858947899606493,0.017746106219291687,0.03450631764862273,0.9119526807136006,0.32037547031850455
178.46,38686,2.009483800108087,2.473516255973908,0.7098635052389595,0.3779947380162457,0.940114212958543,0.9463382148401989,1.063880569591191,0.05993502273034376,1520.0,967.15,0.009914534979396396,0.01784616296291351,0.034700872427887386,0.9170944855941666,0.32129564731380883
179.46,38948,1.997796148370162,2.457589179899433,0.7085296667906126,0.37916349021633067,0.9401404601970631,0.9463146333458337,1.0812055468411514,0.05992561262016343,1520.0,973.7,0.009970127860705058,0.017946230149269105,0.0348954475124677,0.9222368271152179,0.32228908668388107
180.47,39234,1.9851962897038415,2.440435657365685,0.7070845465136721,0.3804297511380747,0.94016893808279,0.9462890490887186,1.0958275253082992,0.059915343887863175,1520.0,980.85,0.010025867780049644,0.018046562004089356,0.035090537230173746,0.9273927696545919,0.3233654084673635
181.47,39498,1.9737096962220453,2.4248128142312875,0.7057605519269455,0.3815898778296205,0.9401950664244773,0.9462655768600507,1.117211056421682,0.05990586818115673,1520.0,987.45,0.010081513378355238,0.018146724081039428,0.03528529682424333,0.9325399874978595,0.32435151615517743
182.47,39791,1.9611201271271335,2.407706365755179,0.7043021583192932,0.38286776927115596,0.9402238885361254,0.9462396860554141,1.1038888732290073,0.05989535509094634,1520.0,994.775,0.010137090616756016,0.018246763110160828,0.03547981715864605,0.9376808820499315,0.32543772388048253
183.47,40067,1.9494109617522317,2.391811750479525,0.7029388568042194,0.38406233795906286,0.9402508707422488,0.9462154493197993,1.0829527306195934,0.05988545534972561,1520.0,1001.675,0.010192705538537768,0.01834686996936798,0.03567446938488218,0.9428252623147435,0.32645310726520343
184.47,40345,1.9377612159180293,2.376012703057524,0.7015758041858202,0.3852566885556887,0.94027788613149,0.9461911840253754,1.0687819561695466,0.05987548717889372,1520.0,1008.625,0.010248409748077393,0.018447137546539306,0.03586943411827087,0.9479779016971589,0.32746830527233534
185.47,40618,1.926459313209809,2.3606996275996375,0.7002470223488211,0.38642100999008006,0.9403042589995904,0.9461674970495135,1.0608819215020406,0.059865701520675225,1520.0,1015.45,0.010303972495926753,0.01854715049266815,0.03606390373574363,0.9531174558732245,0.32845797849156805
186.47,40893,1.9152106534440574,2.345472639232323,0.6989181447678536,0.38758541531841956,0.9403306700443717,0.9461437769773695,1.062362609336042,0.059855847405965015,1520.0,1022.325,0.010359565880563526,0.018647218585014343,0.036258480581972334,0.958259843952126,0.3294477230206566
187.47,41165,1.904216598777174,2.330603772314882,0.6976131505423439,0.38872889328162635,0.9403566417275243,0.9461204526646431,1.0735732839348446,0.059846103981325206,1520.0,1029.125,0.010415199293030634,0.01874735872745514,0.03645319752560721,0.9634059346053335,0.3304196792893824
188.48,41424,1.8938677651261389,2.316619719694439,0.6963790875433451,0.38981021902006996,0.9403812339400826,0.9460983682723951,1.1008571456918705,0.059836829182922886,1520.0,1035.6,0.010470846176147462,0.018847523117065428,0.03664796161651611,0.9685532712936401,0.33133880616705946
189.48,41711,1.8825341841751368,2.3013185926995123,0.6950212334134089,0.39100001453370514,0.9404083291736913,0.9460740373052455,1.1177655734434273,0.05982655506078461,1520.0,1042.775,0.01052666633658939,0.0189479994058609,0.03684333217806286,0.9737166361345185,0.33235013235364935
190.48,41963,1.872696936799762,2.2880491524659483,0.6938372003247202,0.3920375024536953,0.9404319867727118,0.9460527942904987,1.0883393632834497,0.05981753678895078,1520.0,1049.075,0.01058246511883206,0.019048437213897706,0.037038627915912205,0.9788780234919654,0.333231997085641
191.49,42215,1.8629646524431893,2.2749318602889805,0.6926607610753626,0.39306833640713024,0.9404555210881033,0.9460316629261709,1.0645889857449227,0.05980852123554166,1520.0,1055.375,0.010638104240099588,0.01914858763217926,0.03723336484034856,0.9840246422092119,0.33410820594606067
192.49,42468,1.8532976315965617,2.261912949443625,0.6914871967656075,0.39409665124590787,0.940479026096537,0.9460105588217118,1.0616865404109683,0.059799472639516245,1520.0,1061.7,0.010693768501281738,0.019248783302307126,0.03742818975448608,0.9891735863685608,0.33498227355902166
193.49,42757,1.8423802827518978,2.2472226843997802,0.6901557697116101,0.39526329050461323,0.9405057269370971,0.9459865864673387,1.0665463184312765,0.05978913984573435,1520.0,1068.925,0.010749551958507964,0.01934919352531433,0.037623431854777865,0.9943335561619865,0.3359739169289212
194.5,43059,1.8311119849653505,2.232074122964838,0.6887747060192186,0.39647342298425525,0.9405334613434616,0.9459616874549774,1.0702779823025024,0.05977834606968483,1520.0,1076.475,0.010805318620469836,0.019449573516845703,0.03781861517164442,0.9994919723934598,0.33700252953661697
195.5,43330,1.8211200937863283,2.2186533656487106,0.6875442020223039,0.39755163021046747,0.9405582048392964,0.9459394746908529,1.0888751710439637,0.05976866358116837,1520.0,1083.25,0.01086104142665863,0.019549874567985532,0.0380136449933052,1.0046463319659233,0.3379190056788973
196.5,43616,1.8106957766066278,2.204663696486885,0.6862544838460525,0.39868172280740194,0.9405841719158158,0.9459161646176962,1.1049276615063663,0.059758448562803886,1520.0,1090.4,0.010916742324829101,0.01965013618469238,0.038208598136901854,1.009798665046692,0.3388795843862916
197.5,43877,1.8012889560368932,2.1920499859957165,0.6850853676494657,0.39970614006618554,0.9406077397716825,0.9458950092698388,1.104688508901989,0.05974912951234774,1520.0,1096.925,0.01097243947452969,0.01975039105415344,0.038403538160853914,1.0149506513939963,0.3397503390562577
198.51,44152,1.7914854288971065,2.1789149003928667,0.6838615501818435,0.4007784883401152,0.9406324397247008,0.9458728387300315,1.0830343160169629,0.05973931373350197,1520.0,1103.8,0.011028207686212328,0.01985077383518219,0.038598726901743145,1.0201092109746404,0.3406618350890979
199.51,44427,1.7817907575128933,2.16593629356668,0.6826458425088264,0.401843730550864,0.9406570056324413,0.9458507895426903,1.067782379999955,0.05972950117926274,1520.0,1110.675,0.011083850516213313,0.01995093092918396,0.03879347680674659,1.0252561727497314,0.34156729096823435
200.51,44700,1.7722724623023294,2.153204109610154,0.6814468897142545,0.4028942915975864,0.9406812617569801,0.945829019413842,1.0603589360319408,0.05971976317700103,1520.0,1117.5,0.011139615721172757,0.02005130829811096,0.038988655024104646,1.0304144542084799,0.3424602678579484
201.51,44972,1.7628921978373953,2.140666566067022,0.6802600646882181,0.40393422590298517,0.9407053005264256,0.9458074453553942,1.0628019112123677,0.05971006400241148,1520.0,1124.3,0.011195175025198196,0.02015131504535675,0.03918311258819368,1.035553689830833,0.3433442120175374
202.51,45245,1.7535792889850539,2.1282288889826733,0.679076536978787,0.40497127099339575,0.9407293000964,0.9457859074622234,1.0747584068821618,0.05970033233648637,1520.0,1131.125,0.011250788595941332,0.020251419472694397,0.03937776008579466,1.0406979451245733,0.3442257003443864
203.51,45504,1.7448367636068758,2.1165619133000924,0.6779607043183354,0.40594899950200614,0.9407519520250559,0.9457655798832489,1.1029230732747817,0.059691102662230544,1520.0,1137.6,0.011306374324692621,0.020351473784446714,0.03957231013642416,1.0458396250340674,0.3450567695767052
204.52,45795,1.7351201090536625,2.1036051253769004,0.6767150315887666,0.4070404980602264,0.940777268333448,0.94574286235803,1.117456235007046,0.05968073604602103,1520.0,1144.875,0.011361959947480097,0.020451527905464173,0.03976685981618033,1.0509812951419089,0.34598454335119244
205.52,46051,1.7266634130640264,2.0923371738974392,0.6756261098425124,0.4079946463592443,0.9407994234461856,0.945722982422067,1.090088627854222,0.05967161925041622,1520.0,1151.275,0.011417621983422173,0.020551719570159912,0.0399616769419776,1.056130033466551,0.34679556940535766
206.52,46303,1.7184209967193715,2.0813625659543677,0.6745604535520398,0.40892840871672304,0.9408211271869805,0.9457035083182874,1.0651645564266938,0.059662647624745956,1520.0,1157.575,0.01147326397895813,0.020651875162124633,0.040156423926353456,1.061276918053627,0.3475892674092146
207.52,46561,1.7100654975387377,2.070245293057578,0.6734757696516054,0.4098788436787685,0.9408432406262038,0.9456836674321455,1.0603845196074528,0.05965346518339199,1520.0,1164.025,0.011528990454143948,0.020752182817459105,0.040351466589503816,1.0664316170083152,0.3483971371269532
208.52,46848,1.7008681435571908,2.058017117929281,0.6722766092347834,0.41092958665079216,0.9408677137235235,0.9456617103588052,1.0644564032269361,0.05964325392746668,1520.0,1171.2,0.01158463129732344,0.02085233633518219,0.04054620954063203,1.071578395002418,0.3492902686531733
209.53,47114,1.6924338618828312,2.046811972906091,0.671172102167354,0.411897391310095,0.9408902788757237,0.9456414659854319,1.081483742001088,0.05963379295763124,1520.0,1177.85,0.011640313929981655,0.020952565073966978,0.04074109875493579,1.076729038523303,0.35011290261358075
210.53,47352,1.6849597487515828,2.036889242589157,0.6701894216463347,0.41275844762643177,0.9409103741135987,0.9456234382328523,1.1165343421744849,0.059625330423214475,1520.0,1183.8,0.011695871922704909,0.021052569460868836,0.04093555172946718,1.081868152850204,0.35084480048246697
211.53,47648,1.6757580894917439,2.024681799055692,0.6689744997483568,0.4138230013157881,0.9409352430681568,0.9456011288590332,1.1050375638114245,0.05961480894100515,1520.0,1191.2,0.011751450578371684,0.02115261104106903,0.04113007702430089,1.0870091784993807,0.35174967111841987
212.53,47950,1.666475461780322,2.012376794216957,0.6677431065029182,0.41490198773019205,0.9409604765663977,0.9455784935407453,1.0977894486324322,0.059604078011725674,1520.0,1198.75,0.011807063049740262,0.02125271348953247,0.04132472067409091,1.0921533321009742,0.3526668095706632
213.53,48218,1.6583257166475927,2.001581707526396,0.6666571492353843,0.4158535384574945,0.9409827524390999,0.945558512218069,1.074757941520631,0.059594558435109204,1520.0,1205.45,0.011862879329257543,0.021353182792663575,0.04152007765240139,1.0973163379563227,0.3534756276888703
214.53,48502,1.649778092925458,1.9902678201091344,0.6655132437077431,0.4168558653163258,0.9410062396553224,0.945537445245142,1.064959451170784,0.059584473843540306,1520.0,1212.55,0.011918507549497817,0.02145331358909607,0.04171477642324235,1.102461948328548,0.35432760551887693
215.53,48803,1.6408168248511674,1.9784154791616875,0.6643084925726832,0.4179115070556992,0.9410310010325881,0.9455152364270498,1.0622311740644899,0.05957378932177082,1520.0,1220.075,0.011974145279990302,0.021553461503982543,0.04190950847996605,1.107608438399103,0.3552249009973443
216.54,49096,1.632189018686546,1.9670129573954693,0.663143194562342,0.41893257869674294,0.9410549754708929,0.9454937344225585,1.0598584579978647,0.0595633924537871,1520.0,1227.4,0.012029814812872144,0.021653666663169858,0.042104351845052505,1.1127578701906733,0.35609281189223146
217.54,49379,1.6239434751961492,1.9561236943460132,0.6620245321497479,0.419912786725303,0.9410780123012393,0.9454730742567763,1.0611725440210455,0.05955335387240645,1520.0,1234.475,0.012085507300164965,0.021753913140296937,0.04229927555057737,1.1179094252652593,0.35692598871650755
218.54,49617,1.6170748455008206,1.9470588401590025,0.6610889026669226,0.4207326154068586,0.9410972961293735,0.9454557805998132,1.0863594953967648,0.05954491415094257,1520.0,1240.425,0.012141256093978883,0.021854260969161987,0.042494396328926085,1.1230661886930466,0.35762284309582976
219.54,49889,1.6092975083094052,1.936801340975121,0.6600253045911529,0.4216645742903369,0.941119235179875,0.9454361065222379,1.1107482752066768,0.059535271683616914,1520.0,1247.225,0.012196899427307978,0.021954418969154357,0.042689147995577915,1.1282131970259879,0.35841500814678634
220.55,50143,1.6021037245465128,1.9273197556465678,0.6590375078223446,0.4225301136277374,0.9411396273279737,0.9454178203824971,1.0941640355140896,0.05952627014008886,1520.0,1253.575,0.012252596325344511,0.022054673385620116,0.042884087138705784,1.1333651600943673,0.3591507165835768
221.55,50421,1.594305344947292,1.9170481123412884,0.6579622948648678,0.4234722498445846,0.941161842085744,0.9453979006715408,1.0761544659104518,0.05951642117645666,1520.0,1260.525,0.012308164490593805,0.022154696083068845,0.04307857571707831,1.1385052153799269,0.3599515323678969
222.55,50713,1.5861975354083713,1.9063764315372527,0.6568395085530594,0.42445607136643204,0.9411850594510431,0.9453770828342318,1.0681509297017546,0.059506079730703196,1520.0,1267.825,0.012363846593432957,0.02225492386817932,0.043273463077015344,1.1436558098925484,0.3607877806614672
223.55,51016,1.5778731033566769,1.8954276257932574,0.6556814480476353,0.42547080127260867,0.9412090269647397,0.9453555933416262,1.0649467073174974,0.05949535250869479,1520.0,1275.4,0.012419441964891222,0.022354995536804197,0.043468046877119276,1.148798381752438,0.36165030108171736
224.55,51290,1.5704220694350823,1.8856344514989747,0.6546402987895841,0.42638308977911576,0.9412305925179202,0.9453362583065453,1.0594851502254121,0.05948565531403788,1520.0,1282.25,0.01247515748606788,0.02245528347492218,0.04366305120123757,1.1539520674612787,0.3624257463122484
225.55,51577,1.56269440151355,1.8754845678611367,0.6535558531987617,0.4273333159266052,0.9412530723420388,0.9453161044078924,1.0611396327026128,0.059475501422559585,1520.0,1289.425,0.012530734062194824,0.02255532131195068,0.04385756921768188,1.159092900753021,0.36323343853761436
226.56,51848,1.5554686899024655,1.8660003258863254,0.6525375197618537,0.4282256124759222,0.9412741976388943,0.9452971656730482,1.0721188338168652,0.059465916783118154,1520.0,1296.2,0.01258650479051802,0.02265570862293243,0.044052766766813065,1.1642516931229168,0.36399189060453385
227.56,52122,1.5482322176539405,1.8565081185845842,0.6515134248928102,0.4291229573776033,0.9412954577303005,0.9452781068640824,1.0905801136216893,0.05945622918081362,1520.0,1303.05,0.012642204125722251,0.02275596742630005,0.044247714440027876,1.1694038816293082,0.3647546337709628
228.56,52424,1.5403357000506457,1.8461571615621217,0.6503910131270336,0.4301064507101567,0.9413187761166175,0.9452572037638513,1.097378887250135,0.059445555260624665,1520.0,1310.6,0.012697856744130454,0.022856142139434814,0.044442498604456586,1.174551748832067,0.36559060310363317
229.56,52671,1.533938335190745,1.8377767302568269,0.6494778889644444,0.4309065595054156,0.9413377595427408,0.9452401872995057,1.1024976769838162,0.05943682811496913,1520.0,1316.775,0.012753568477100796,0.022956423258781434,0.04463748966985279,1.1797050841318237,0.36627069557960323
230.57,52949,1.5268028234638953,1.8284350490402548,0.6484553411935099,0.4318025487899146,0.9413590314364946,0.9452211202166287,1.082600629847771,0.0594270087240632,1520.0,1323.725,0.01280927179919349,0.02305668923854828,0.04483245129717721,1.1848576414253977,0.3670322864714274
231.57,53220,1.5199120928976169,1.8194195534015947,0.6474637548763675,0.43267140865159465,0.9413796726857222,0.9452026191503232,1.0660844562336178,0.059417439706458984,1520.0,1330.5,0.012864842295646668,0.023156716132164,0.04502694803476333,1.1899979123473168,0.3677708173538554
232.57,53496,1.5129593610394454,1.8103286457643837,0.6464590963520649,0.43355172280213367,0.9414005992498787,0.9451838630936169,1.0596406765086124,0.059407697305637865,1520.0,1337.4,0.012920496278338961,0.023256893301010127,0.04522173697418636,1.1951459057463538,0.3685190843818136
233.57,53781,1.5058479086352055,1.8010361460877193,0.6454271368051149,0.4344559589878511,0.9414221079924339,0.9451645860203923,1.0604304280202443,0.05939764057006669,1520.0,1344.525,0.012976157744725545,0.02335708394050598,0.0454165521065394,1.2002945913871128,0.3692876851396734
234.58,54042,1.4993950759684074,1.7926094675679993,0.6444868832176784,0.4352798394587702,0.9414417169798948,0.9451470122779572,1.073866508854552,0.05938843370388819,1520.0,1351.05,0.01303195435471005,0.023457517838478086,0.045611840241485166,1.2054557778106796,0.36998798353995466
235.58,54302,1.4930229976266944,1.7842931129425936,0.6435547417205474,0.436096611854942,0.9414611674778898,0.9451295812228256,1.101318219927314,0.05937926495043975,1520.0,1357.55,0.013087657915221321,0.023557784247398378,0.04580680270327462,1.2106083571579722,0.37068224007670064
236.58,54551,1.4869722512609753,1.7764006201411158,0.6426662060865486,0.43687517538966164,0.9414797177448624,0.9451129575333996,1.0994147832981538,0.059370486759327545,1520.0,1363.775,0.013143450445599026,0.023658210802078243,0.04600207655959659,1.2157691662179098,0.3713440190812124
237.59,54823,1.4804196988565343,1.7678585128757744,0.6417002023004799,0.43772161901381823,0.9414998957791796,0.9450948757980229,1.0774277619374366,0.05936090069688944,1520.0,1370.575,0.013199169370863174,0.02375850486755371,0.0461970927980211,1.2209231668048435,0.3720634961617455
238.59,55090,1.4740448199126792,1.7595529557958387,0.6407565761578018,0.43854845462624154,0.9415196166078305,0.9450772044398406,1.0624360428143231,0.059351493859090346,1520.0,1377.25,0.013254837883843316,0.023858708190917965,0.0463919325934516,1.2260725042555067,0.3727663064323053
239.59,55357,1.46772587281133,1.7513250749630664,0.6398174707029346,0.43937132906643184,0.9415392527074218,0.9450596096640209,1.059761677457434,0.059342090002196216,1520.0,1383.925,0.013310525867674087,0.023958946561813355,0.0465868405368593,1.231223642759853,0.37346574970646707
240.59,55616,1.461648999317313,1.743416916294859,0.6389107702606258,0.44016580919112736,0.9415582202021143,0.9450426146105303,1.0725431635352976,0.05933297075573425,1520.0,1390.4,0.01336628966861301,0.024059321403503416,0.046782013840145534,1.2363817943467035,0.3741410578124582
241.59,55866,1.455831925176038,1.7358510046607276,0.638039515081642,0.4409292310347057,0.9415764542630168,0.9450262772987135,1.1053275554372863,0.05932417105224809,1520.0,1396.65,0.013421941386328804,0.024159494495391846,0.04697679485215081,1.2415295782354143,0.37478996637949985
242.6,56139,1.4495335492218107,1.7276636836725134,0.6370924705678405,0.4417590619339842,0.9415962831613566,0.9450085116913232,1.1098138594933618,0.059314564756987244,1520.0,1403.475,0.013477605740229291,0.02425969033241272,0.04717162009080251,1.2466785309712094,0.3754953226438865
243.6,56393,1.4437233841151489,1.72011523078031,0.636215382444033,0.44252759479164683,0.9416146551470934,0.9449920519959272,1.0769747055930399,0.059305629825131365,1520.0,1409.825,0.013533410178290474,0.02436013832092285,0.04736693562401665,1.2518404414918687,0.37614857557289977
244.6,56600,1.4390234503931962,1.7140121482936304,0.6355034415151634,0.443151420359112,0.9416295732174184,0.9449786871304007,1.061261409867691,0.0592983501979818,1520.0,1415.0,0.013589157078001235,0.02446048274040222,0.04756204977300432,1.2569970297151143,0.37667882730524516
245.61,56850,1.4333887673231946,1.7066987671571656,0.6346469864012778,0.4439018739090665,0.9416475256057972,0.9449626043696671,1.0821613859100272,0.0592895607599276,1520.0,1421.25,0.013644771509700351,0.02456058871746063,0.04775670028395123,1.2621413646472825,0.3773167128227065
246.61,57112,1.427531856279111,1.6991010212944906,0.6337533431781248,0.44468491287787526,0.9416662644358988,0.9449458176559509,1.1119162398024889,0.05928035222463021,1520.0,1427.8,0.013700622757275899,0.024661120963096618,0.047952179650465644,1.2673076050480205,0.377982295946194
247.61,57359,1.4220549218321028,1.6919999501485559,0.632914496089761,0.4454199377088621,0.9416838604530038,0.944930055247474,1.0883078047646062,0.059271673514649056,1520.0,1433.975,0.013756359616915384,0.02476144731044769,0.04814725865920384,1.272463264564673,0.3786070670525328
248.61,57635,1.4159855755210369,1.6841350417007337,0.6319812830859133,0.44623764899372326,0.9417034427196304,0.9449125141886136,1.0711748891934387,0.059261978852515176,1520.0,1440.875,0.013811925503942703,0.024861465907096862,0.04834173926379945,1.2776031091147,0.37930212164466476
249.62,57894,1.41033806099963,1.6768207778720745,0.6311094610630035,0.44700156752420284,0.9417217429741652,0.9448961220986084,1.0593190735524072,0.059252884209313184,1520.0,1447.35,0.01386767786078983,0.02496182014942169,0.048536872512764395,1.282760202123059,0.3799514523955724
250.62,58175,1.404262713448723,1.668956745128181,0.6301678144657934,0.44782666859514264,0.9417415153299082,0.9448784120444017,1.0605939611096753,0.05924302020478488,1520.0,1454.375,0.013923260251681011,0.02506186845302582,0.048731410880883536,1.2879015732804935,0.38065278830587124
251.62,58434,1.3987102295534246,1.661773446971133,0.6293037430553332,0.44858379578941227,0.9417596643923446,0.9448621565565675,1.076076788934405,0.05923393137918763,1520.0,1460.85,0.01397898977332645,0.02516218159198761,0.048926464206642574,1.2930565540326966,0.3812963464210004
252.62,58717,1.3926943396926916,1.6539948797046724,0.6283637757734747,0.4494074253901645,0.9417794133667368,0.9448444687203914,1.0914149583125363,0.05922400353361898,1520.0,1467.925,0.014034662206967672,0.025262391972541806,0.04912131772438685,1.2982062541445096,0.3819964315816398
253.63,58980,1.3871508466300415,1.6468310357059617,0.6274940966359425,0.45016946625547205,0.9417976906606977,0.9448280995619464,1.1183569387688226,0.059214780285538414,1520.0,1474.5,0.01409028760592143,0.02536251769065857,0.049316006620724995,1.3033516035477322,0.3826441663171512
254.63,59253,1.3814441036914356,1.6394601497629238,0.6265952346607968,0.4509570780628286,0.9418165861238366,0.9448111773689163,1.093171426956816,0.05920520938181124,1520.0,1481.325,0.014145873043272231,0.025462571477890016,0.049510555651452806,1.3084932565026814,0.38331363635340426
255.63,59535,1.375599417839199,1.6319152291903571,0.6256708445595176,0.4517670584363482,0.9418360230750007,0.9447937708704451,1.0769382580918512,0.05919532620181656,1520.0,1488.375,0.014201454612943863,0.02556261830329895,0.04970509114530351,1.3136345516973071,0.3840021196708959
256.63,59790,1.3703576939203548,1.6251522368054256,0.6248385081232282,0.45249637842433454,0.9418535283770659,0.9447780947848705,1.0602819312857856,0.05918639212416775,1520.0,1494.75,0.014257119178771975,0.02566281452178955,0.0498999171257019,1.3187835240364076,0.38462204166068437
257.63,60045,1.365156652099809,1.6184450679909785,0.6240095020821108,0.45322278021282725,0.9418709671080261,0.9447624788329538,1.0629839440826174,0.05917746074287112,1520.0,1501.125,0.014312775995996264,0.025762996792793272,0.050094715985986915,1.3239317796296544,0.3852394831809031
258.63,60311,1.3597740884261917,1.6115073140160376,0.6231482433962359,0.4539774428072412,0.9418890877146959,0.9447462528268741,1.079453443820789,0.05916814695831425,1520.0,1507.775,0.014368486364682515,0.025863275456428525,0.0502897022763888,1.3290849887331326,0.385880946386155
259.64,60564,1.354694689789115,1.6049635900498367,0.6223323625955244,0.4546923438374375,0.9419062565617603,0.9447308795850106,1.114094100963543,0.05915929107863472,1520.0,1514.1,0.014424205157491897,0.02596356928348541,0.05048471805122163,1.3342389770680003,0.38648861226182185
260.64,60793,1.3501304625146808,1.5990862676007427,0.6215966097730001,0.45533703415290233,0.9419217415416015,0.9447170145334901,1.0774486409220974,0.0591512775677819,1520.0,1519.825,0.014479807032479182,0.026063652658462524,0.05067932461367713,1.3393821505043242,0.38703659902996695
261.64,61041,1.3452228710417624,1.5927696660626696,0.6208027088267767,0.45603267572681117,0.9419384525718251,0.9447020521503007,1.0595737828789074,0.05914260162874659,1520.0,1526.025,0.014535469015439352,0.02616384422779083,0.05087414155403772,1.34453088392814,0.3876278943677895
262.64,61297,1.340195074887695,1.586301434463817,0.6199863239323685,0.4567480184601371,0.941955639079929,0.9446866645393355,1.0639712191539548,0.059133648489844134,1520.0,1532.425,0.014591165688302783,0.026264098238945006,0.051069079909059734,1.3496828261680074,0.3882359356911165
263.64,61551,1.3352443796478575,1.5799354488552446,0.619179420653029,0.45745505309701723,0.9419726279570583,0.9446714543677293,1.0876481261639235,0.059124767975947,1520.0,1538.775,0.014646741694874232,0.02636413505077362,0.05126359593205981,1.3548236067758666,0.3888369151324646
264.64,61816,1.3301189739053905,1.5733480060308522,0.6183408307980345,0.4581898525318427,0.9419902858166476,0.9446556457757221,1.1170210354328614,0.059115505715489174,1520.0,1545.4,0.014702446911070083,0.026464404439926148,0.05145856418874529,1.3599763392739828,0.38946149465206625
265.64,62070,1.3252439245725174,1.567085358308812,0.6175401381629713,0.4588914452022157,0.9420071472104512,0.9446405507328737,1.087258547384456,0.05910663064960352,1520.0,1551.75,0.014758043924967448,0.026564479064941405,0.05165315373738607,1.365119063059489,0.39005784842188335
266.65,62327,1.3203483255423383,1.5607992823419798,0.6167330301621998,0.4595986592226069,0.9420241449786102,0.9446253340917155,1.0644926614614376,0.05909765347193542,1520.0,1558.175,0.014813784506585865,0.026664812111854553,0.05184824577305052,1.3702750668591925,0.39065898033921587
267.65,62558,1.315979437429165,1.5551920335519906,0.6160101580352298,0.4602320630578489,0.9420393696337332,0.9446117051838225,1.0628828574676972,0.05908958681798041,1520.0,1563.95,0.014869410594304404,0.026764939069747924,0.0520429370800654,1.3754204799731573,0.39119737359917156
268.65,62838,1.3107232643997335,1.548449148728736,0.6151371915636907,0.4609969843910705,0.9420577563710818,0.9445952461481226,1.0734558989170135,0.059079812007498726,1520.0,1570.95,0.014925032469961378,0.026865058445930477,0.052237613644864817,1.3805655034714275,0.3918475567324099
269.65,63115,1.3055654549472178,1.5418357980513158,0.6142770349601727,0.46175068130543456,0.9420758739935478,0.9445790285756174,1.0912598306836434,0.05907014510878888,1520.0,1577.875,0.014980589495764838,0.026965061092376705,0.05243206323517693,1.3857045283582474,0.39248819910961935
270.65,63371,1.3008354141305016,1.5357738523449895,0.6134851101904449,0.462444591289862,0.9420925548034336,0.9445640976267685,1.1133802061415548,0.059061213892057825,1520.0,1584.275,0.015036315043767293,0.027065367078781127,0.05262710265318552,1.3908591415484746,0.3930780225963827
271.65,63622,1.2962316340043856,1.5298764060508332,0.6127114390725517,0.46312250683675643,0.9421088512491812,0.9445495111785505,1.0779621369798909,0.05905245973490017,1520.0,1590.55,0.015091908348931208,0.02716543502807617,0.05282167922125922,1.3960015222761366,0.39365425081124295
272.66,63893,1.291298252409887,1.5235596843929178,0.6118791839748841,0.4638517555532231,0.9421263815974186,0.94453382080668,1.063223595725985,0.059043010948398665,1520.0,1597.325,0.015147687262958951,0.02726583707332611,0.05301690542035632,1.4011610718237029,0.3942741122202396
273.66,64156,1.2865470515507984,1.5174791108487917,0.6110745044673584,0.46455684164963107,0.942143330772294,0.9445186511057546,1.0589791867818126,0.059033843983578485,1520.0,1603.9,0.015203411645359464,0.027366140961647033,0.05321194075875812,1.4063155771957503,0.3948734354021864
274.67,64382,1.2824927138259632,1.5122926205167984,0.6103853717216479,0.46516068195255383,0.9421578457209868,0.9445056604530345,1.0855964389458022,0.05902596894148808,1520.0,1609.55,0.015259230375289918,0.02746661467552185,0.05340730631351471,1.4114788097143174,0.3953866996596707
275.67,64626,1.2781446692675167,1.5067327019677637,0.6096437563097268,0.46581050925763257,0.9421734654696485,0.9444916814220324,1.1122509734769348,0.05901746904203227,1520.0,1615.65,0.015314920067787173,0.027566856122016908,0.0536022202372551,1.4166301062703133,0.3959390528689877
276.67,64883,1.273597415779893,1.5009205951737339,0.6088653000907382,0.46649261766419425,0.9421898602634057,0.9444770092041586,1.0798760665350216,0.05900851892581252,1520.0,1622.075,0.015370564619700114,0.027667016315460206,0.0537969761689504,1.4217772273222606,0.3965188450145651
277.67,65142,1.2690480913797824,1.4951084469409917,0.6080835291600701,0.46717763052786837,0.9422063237434386,0.9444622759769683,1.0615791050936798,0.05899950190484001,1520.0,1628.55,0.015426359415054323,0.02776744694709778,0.05399225795269012,1.4269382458925248,0.3971011059486881
278.68,65417,1.2642539253265515,1.4889863165425627,0.607256444537435,0.4679023487076144,0.9422237400324712,0.9444466905795359,1.0586462939652705,0.05898993086371313,1520.0,1635.425,0.015481979939672683,0.02786756389141083,0.054186929788854386,1.432083144419723,0.3977171164014722
279.68,65694,1.2594621507720718,1.4828701394892039,0.6064264135823882,0.4686296485586959,0.9422412166035988,0.9444310517558936,1.0640047607899497,0.05898029335373493,1520.0,1642.35,0.015537820445166696,0.02796807680130005,0.054382371558083425,1.4372483911779192,0.39833532127489146
280.68,65952,1.2550323042778506,1.4772185059551928,0.6056560552600547,0.46930466132744375,0.9422574349478112,0.9444165393152338,1.0859153538298245,0.05897131973244049,1520.0,1648.8,0.015593400557835896,0.02806812100410461,0.054576901952425635,1.4423895515998204,0.39890908212832715
281.68,66224,1.250396412691377,1.471306658127191,0.6048467232945565,0.47001382405734365,0.9422744717074713,0.9444012950248762,1.1104518460532418,0.058961862126863725,1520.0,1655.6,0.01564900651242998,0.028168211722373965,0.054771522793504925,1.4475331023997733,0.3995118704487421
282.68,66482,1.2460313417116826,1.4657426595282077,0.6040817020506667,0.47068416030609705,0.9422905735238402,0.9443868877644982,1.094576955631259,0.05895289411274661,1520.0,1662.05,0.015704673515425788,0.028268412327766418,0.05496635730399025,1.4526823001768854,0.4000816562601825
283.69,66739,1.241714023854879,1.4602419081870226,0.6033221869724977,0.4713496718751388,0.9423065571471048,0.944372586694727,1.068359549317446,0.05894396357016777,1520.0,1668.475,0.01576041140821245,0.028368740534782406,0.05516143992874357,1.4578380552596515,0.40064734109386796
284.69,67006,1.2372609574686866,1.454570678614673,0.6025357758996929,0.4720387505807729,0.9423231041574256,0.9443577820019253,1.058846058017585,0.05893468840088431,1520.0,1675.15,0.01581610174973806,0.0284689831495285,0.0553563561240832,1.4629894118507702,0.40123305799365694
285.69,67261,1.2330383727964132,1.4491953102054085,0.6017872101925302,0.4726946679583524,0.9423388521787657,0.9443436926010441,1.0649137538847406,0.058925832817896186,1520.0,1681.525,0.015871785190370347,0.028569213342666624,0.05555124816629621,1.4681401301092571,0.4017905877645995
286.69,67512,1.228910669133295,1.4439429204013678,0.6010527478670603,0.47333822749874227,0.9423543007762475,0.944329871497779,1.0916834981810195,0.05891711874463569,1520.0,1687.8,0.015927421172459922,0.028669358110427857,0.05574597410360972,1.4732864584525427,0.4023376133739309
287.69,67786,1.2244368260233325,1.4382525309032093,0.6002536301528159,0.474038440172779,0.9423711060566987,0.9443148370976254,1.1160211546839307,0.05890760911254648,1520.0,1694.65,0.015982990913920934,0.02876938364505768,0.05594046819872326,1.4784266595376863,0.40293279414686217
288.69,68047,1.2202060668937114,1.432873676445875,0.5994949678130126,0.47470320454500536,0.942387057213284,0.9443005672610862,1.0912460788568454,0.05889855352176553,1520.0,1701.175,0.016038606299294367,0.02886949133872986,0.05613512204753028,1.4835710826847288,0.40349784386325455
289.7,68307,1.2160210938414857,1.4275552837728311,0.5987416507871133,0.4753632851810617,0.9424028925533968,0.9442864014614307,1.0673375899395579,0.05888953539447834,1520.0,1707.675,0.01609419600168864,0.02896955280303955,0.056329686005910234,1.4887131301561993,0.4040589124039024
290.7,68566,1.2118812557889358,1.4222964551750967,0.5979936255573919,0.476018728974903,0.9424186130865037,0.9442723387862841,1.0583149683493136,0.058880554697549374,1520.0,1714.15,0.016149774339463976,0.029069593811035157,0.05652421018812391,1.493854126400418,0.40461603962866755
291.7,68834,1.2076277491079872,1.4168955206266933,0.5972220964005797,0.4766947676665238,0.9424348236563971,0.9442578381927644,1.0642300220391876,0.058871264813168935,1520.0,1720.85,0.016205508602990047,0.029169915485382083,0.056719280110465155,1.4990095457765793,0.4051906725165452
292.7,69097,1.2034831298543205,1.411635079552574,0.5964673967464531,0.4773560598059556,0.9424506765749282,0.9442436579557677,1.0839777806180495,0.05886215109698526,1520.0,1727.425,0.01626121045483483,0.029270178818702697,0.05691423659192191,1.504161967072222,0.4057527708350622
293.7,69343,1.1996326154135415,1.4067498996446597,0.5957636408343263,0.4779727133981806,0.9424654556146748,0.9442304386747253,1.1149437984538386,0.05885362903400552,1520.0,1733.575,0.016316790368821884,0.02937022266387939,0.05710876629087659,1.5093031091160243,0.4062769263884535
294.7,69621,1.1953113830102335,1.4012697862582644,0.5949708270629717,0.4786674023544607,0.9424821003305541,0.9442155510629371,1.0929439558338254,0.058844001379521664,1520.0,1740.525,0.01637235197756026,0.029470233559608462,0.0573032319214609,1.5144425579243237,0.40686741200129156
295.7,69904,1.190944949906814,1.395734792038695,0.5941664362508499,0.4793722354866594,0.9424989829464772,0.9442004511462097,1.0770645589783134,0.0588342038006428,1520.0,1747.6,0.016427981403138902,0.029570366525650024,0.057497934910986155,1.5195882797903484,0.4074665201636605
296.7,70174,1.1868093409274252,1.3904946622361254,0.5934014910854621,0.48004250507297946,0.9425150326515078,0.9441860966394142,1.0623670804206575,0.05882485932798738,1520.0,1754.35,0.016483537819650437,0.029670368075370785,0.057692382368776524,1.5247272483176655,0.40803624931203253
297.7,70428,1.182945478877179,1.3856008510155484,0.5926840763091399,0.4806711270018489,0.9425300804707937,0.9441726385951358,1.0597503719132386,0.058816071311130674,1520.0,1760.7,0.016539158158832126,0.029770484685897824,0.057887053555912435,1.5298721296919717,0.40857057795157153
298.71,70712,1.1786555504303498,1.3801696614170715,0.5918844266756511,0.48137180576065614,0.9425468476932032,0.9441576432529432,1.0660926343750208,0.05880624844824727,1520.0,1767.8,0.01659489095211029,0.029870803713798525,0.05808211833238602,1.535027413070202,0.4091661548965577
299.71,70977,1.1746811667342127,1.375140086563231,0.5911406294342767,0.48202354485496013,0.9425624384193371,0.9441437005092315,1.08643655681731,0.05879708570737958,1520.0,1774.425,0.01665072982841068,0.02997131369113922,0.058277554399437374,1.5401925091279878,0.40972013312671607
